"inning","6"
"killinvibes","3"
"legacies","3"
"limited","3"
"hats","5"
"four","9"
"Dining","6"
"TheNewsroom","3"
"sleep","3"
"frostbite","3"
"Paulie","3"
"dbnfarms","3"
"increase","6"
"LAST","3"
"Livingstone","3"
"katayan","2"
"tweet","1"
"Watch","10"
"UNLNews","30"
"Efficiency","3"
"teaching","6"
"sorry","6"
"348","1"
"NETNebraska","3"
"League","6"
"updated","6"
"getrecd2015","3"
"I8vNHAjEeO","3"
"BYU","3"
"GG","6"
"waterforfood","9"
"every","14"
"updates","3"
"ESPNPR","3"
"scholarship","3"
"affect","3"
"Kearney","3"
"look","21"
"tickets","9"
"school","5"
"prize","51"
"Less","6"
"skills","3"
"Dose","3"
"May","3"
"Go","3"
"Paul","3"
"1940s","3"
"PlayStation","3"
"guidelines","3"
"Some","3"
"OJ","3"
"nail","3"
"Tutorials","1"
"second","3"
"EeTKkNaXcB","3"
"GOBIGRED","6"
"7th","6"
"CollegeGameDay","3"
"even","3"
"pythonic","1"
"AOKwfg4Pee","6"
"E35eb7JIKI","3"
"dept","3"
"Avery","3"
"zach_mousel","6"
"Samsung","2"
"This","15"
"Game","6"
"absolute","3"
"FutureHusker","3"
"new","52"
"tips","9"
"momentum","3"
"Sally","9"
"seeks","3"
"UNKAlumni","3"
"screams","3"
"sympa","2"
"men","12"
"60006","1"
"represented","3"
"100","9"
"101","3"
"celebration","3"
"forum","3"
"307AM","3"
"study","39"
"LawProfStohs","3"
"credit","9"
"FidoRS","2"
"military","12"
"KKG","6"
"qlzFeWZeyq","3"
"OLLI","12"
"pourmecoffee","3"
"brought","3"
"Health","12"
"guests","6"
"UNLExtension","12"
"would","3"
"Slate","3"
"hungry","3"
"arms","2"
"Stay","3"
"call","9"
"typo","6"
"ShaneFarritor","3"
"type","1"
"tell","9"
"1000","1"
"successful","6"
"brings","6"
"haha","1"
"award","3"
"IOZ02o4VdB","1"
"glass","3"
"DailyNeb","18"
"championships","3"
"rzWX3vtWAV","3"
"Stressed","3"
"et1Ytgy3Hh","6"
"must","12"
"join","3"
"room","9"
"past","3"
"work","14"
"cant","3"
"waiter","3"
"locker","3"
"BeGreekUMN","6"
"Pleasantly","3"
"example","6"
"rmhcomaha","6"
"Le","3"
"give","11"
"8yY1hdqj7J","3"
"OWHnews","3"
"foods","3"
"NELaw","3"
"want","6"
"Digital","3"
"MIb5kwjwfu","6"
"TristenMetcalff","6"
"risk","6"
"tornadoes","3"
"end","6"
"thing","6"
"Deli","3"
"3CUwp5DQVm","6"
"finalist","9"
"feature","3"
"Tell","3"
"9AM","3"
"amazing","3"
"Rho","6"
"Involvement","3"
"Genetically","3"
"Weekend","6"
"A","34"
"GreekLife","6"
"Bootstrap","5"
"v32di9QSwJ","3"
"Will","8"
"wrong","3"
"TimClareNU","3"
"president","24"
"tHJUuYSJ60","3"
"law","6"
"Petersen","6"
"All","9"
"7fn7Nj3A","3"
"Civic","3"
"Civil","3"
"UNK_Admissions","3"
"CFB","3"
"Jeffres","3"
"Bischoff","3"
"ultimate","3"
"Another","9"
"Roasted","3"
"Stephanie_Lynae","3"
"Beyond","6"
"theroguepoage","3"
"wind","3"
"wine","3"
"Blue","3"
"UNLBigData","3"
"QrmPlgKGRe","3"
"feedback","9"
"office","36"
"Housing","33"
"FelizNavidad","6"
"wgijk1hFGT","2"
"Brand","3"
"Tips","6"
"His","3"
"Schroeder","3"
"Athletes","6"
"Nebraskas","3"
"REEDmySlogan","3"
"Here","13"
"writing","6"
"better","12"
"406","3"
"402","6"
"Holidays","3"
"interdisciplinary","3"
"Berlin","1"
"workout","2"
"f5qoKNA2Nn","1"
"ecarroll28","3"
"break","39"
"Xx4hdlbaJo","2"
"MRI","3"
"chansen02","1"
"rental","3"
"aZDJjxIFPi","6"
"AlphaGammaNu","6"
"CoJMC","3"
"l","3"
"Curious","3"
"went","5"
"higher","3"
"meal","27"
"luck","27"
"Humor","1"
"snakes","6"
"Midnight","3"
"CUBoulder","3"
"line","1"
"IeNhhUo9Rl","6"
"BhYx9hTFGl","3"
"MorrillHallUNL","3"
"SenatorFischer","3"
"Holy","6"
"Chancellor","3"
"counselors","3"
"content","3"
"re","57"
"OdXAQVfBDm","3"
"rb","3"
"medicine","3"
"got","3"
"Hold","3"
"Woollam","9"
"Cuban","3"
"Join","15"
"DerekEngelbart","3"
"University","12"
"aOzAg7gV6e","6"
"given","6"
"free","8"
"Bounds","57"
"Qualcomm","3"
"MacKenzie","3"
"formation","3"
"sarahLeefay","3"
"Studies","6"
"UNLNPHC","6"
"entomology","3"
"NEH_ODH","3"
"National","12"
"Downloader","1"
"days","6"
"FFAB","3"
"isn","5"
"Facts","3"
"Chair","3"
"Cafe","6"
"loud","6"
"already","12"
"Working","9"
"Newsroom","3"
"hearing","3"
"YiwkAO8c71","3"
"another","6"
"drones","12"
"y0dXkseaDi","3"
"Halls","12"
"grads","3"
"Y2uRXz6QR1","3"
"annotated","3"
"service","3"
"Academy","12"
"top","3"
"engagement","3"
"recruiting","6"
"carry","2"
"fiction","3"
"kiotaro3","1"
"master","3"
"LNK","21"
"listen","6"
"Search","2"
"weddings","3"
"luncheon","3"
"serve","9"
"RT_com","3"
"lK5Pi1aDHz","3"
"Shots","3"
"postsecondary","3"
"LukeStrawhecker","3"
"KpFCPciQbg","3"
"See","15"
"classes","3"
"5kpVQqP0ny","3"
"feeling","6"
"Univ","3"
"fashion","3"
"membranes","3"
"dwbbx","6"
"eyes","3"
"Remote","3"
"seem","3"
"NebEngineering","18"
"Ll91UDUt8Y","3"
"Component","3"
"snow","6"
"recommended","3"
"They","9"
"6RWNNhw1t0","3"
"Ask","3"
"Bowling","6"
"Xf1mTEvvA6","3"
"Jones","5"
"jammed","3"
"though","3"
"neemers423","3"
"resonates","3"
"Arizona","3"
"mouth","6"
"plenty","6"
"phase","3"
"EdTechFam","3"
"Gromowski","3"
"Sopranos","3"
"Lewis","3"
"m","45"
"Are","6"
"Want","6"
"AC3_pluto","6"
"UNLShout_Outs","3"
"dot","24"
"Union","36"
"nominated","3"
"UNLCBA","12"
"probs","6"
"Twitch","1"
"GeekNative","1"
"implementation","3"
"Big","9"
"guidance","3"
"OYL2zEJCDp","3"
"Mordecai","3"
"331","3"
"rectangle","3"
"wearing","6"
"unlcas","6"
"Ntn","3"
"stop","18"
"colleagues","3"
"da","1"
"report","12"
"Love","3"
"nasty","3"
"Soviet","3"
"tistheseason","6"
"14","3"
"bat","3"
"bar","3"
"officially","3"
"ScienceMagazine","3"
"Washington","15"
"w0YQ9MBUYb","3"
"twice","3"
"Clinic","3"
"Assoc","3"
"fJPO7eqHl0","3"
"ShenCafeLincoln","3"
"respond","12"
"Instrumentation","3"
"questions","12"
"fair","3"
"30PM","3"
"liquor","3"
"testing","3"
"eBay","1"
"LARGE","1"
"Anderson","3"
"5000","9"
"GBR","39"
"result","3"
"Anthony_python","4"
"VSErEtEyRz","1"
"frantzie90","6"
"Colberts","3"
"John","6"
"best","39"
"02","1"
"01","3"
"06","3"
"45AM","3"
"away","1"
"Water","6"
"score","6"
"finger","3"
"hopefully","9"
"unlextevents","12"
"Info","6"
"UNLinvolved","9"
"C","3"
"Central","6"
"nature","3"
"Wellness","3"
"Devaney","3"
"toothbrush","3"
"wear","6"
"news","12"
"improve","5"
"received","12"
"climate","3"
"ASUN","18"
"cow","3"
"IEW2014","6"
"country","9"
"Leads","3"
"games","9"
"planned","6"
"64q4JLQ1lp","3"
"unk","3"
"unl","33"
"admission","6"
"2nd","9"
"DSTOmicron1922","3"
"active","3"
"hygiene","12"
"Board","18"
"humming","6"
"7OKhPYrVzY","1"
"Method","3"
"code","2"
"union","6"
"NebraskaAlumni","9"
"Southern","3"
"three","3"
"quickly","6"
"Early","6"
"confident","6"
"beer","3"
"much","12"
"entered","3"
"kMmOGO2UTn","2"
"life","12"
"families","3"
"ljpPG8r6mH","3"
"Vice","3"
"Harvey_Perlman","21"
"amvepK1a0S","6"
"Trev","3"
"lift","3"
"catch","6"
"TheYoungJaqueb","6"
"4O7z4HQcGK","3"
"Huskers","102"
"Fatwas","3"
"Rocket","3"
"Into","1"
"Rockey","9"
"pyhack","2"
"air","3"
"aim","3"
"lv1kxeHTsY","2"
"ISUGreek","6"
"stopping","3"
"Follow","6"
"codmineops","4"
"HAXroEXmGY","3"
"seven","6"
"Ideas","3"
"Eatings","3"
"UNLincoln","54"
"Candidates","3"
"brutal","3"
"CVI","6"
"exile","3"
"Ok","3"
"Bah","2"
"Iota","6"
"severity","3"
"Schafer","3"
"Python","48"
"things","2"
"make","40"
"Stop","36"
"amount","3"
"Uncommon","6"
"contaminate","3"
"James","3"
"President","12"
"several","3"
"Springer","3"
"modernangelo","6"
"Room","3"
"Institute","6"
"social","24"
"workforce","6"
"gqfoNrCBWt","2"
"hooded","2"
"Ricketts","6"
"Builders","6"
"UNMC","3"
"programs","9"
"SmithsonianMag","3"
"youre","3"
"1973","3"
"SJLauf","6"
"1971","3"
"academic","3"
"claims","6"
"investments","6"
"left","6"
"Sarah","2"
"grandkids","3"
"answering","6"
"NewN","3"
"Thank","15"
"photo","3"
"Forms","6"
"Consistently","3"
"identify","6"
"thanks","13"
"human","6"
"yet","3"
"Happy","45"
"terrific","3"
"UNOhockeyfish","9"
"UNLarchives","3"
"dining","3"
"27th","6"
"Huskervball","18"
"5p","3"
"XNjxl4z3RK","3"
"strolling","6"
"hat","6"
"D","18"
"HZdaG0K0sJ","3"
"Wins","6"
"breaks","6"
"online","27"
"Try","6"
"unique","3"
"d","6"
"Lopers","3"
"gift","3"
"vmiller2","3"
"56","3"
"follower","3"
"theyre","3"
"channel","6"
"night","3"
"Warren","6"
"collegeboundnu","3"
"right","12"
"old","1"
"crowd","3"
"people","3"
"HS","3"
"HQ","1"
"System","3"
"RonnieDGreen","3"
"FutureHuskers","3"
"Much","6"
"Whatever","3"
"pain","3"
"Life","2"
"friend","3"
"FinishStrong","9"
"Lee","3"
"Safe","6"
"pipeables","1"
"tornado","3"
"Let","18"
"python_octopus","1"
"427","3"
"groundwater","3"
"School","1"
"jillbrownhusker","9"
"UNLSOMusic","3"
"graduates","19"
"discount","3"
"scarves","2"
"shuck","3"
"First","18"
"chapter","9"
"gsRlEE1Gi3","3"
"Blew","1"
"DaisyKrups","3"
"citizens","3"
"Essex","3"
"MPH","3"
"dinner","6"
"plus","2"
"Still","9"
"unlwinterwellness","3"
"Best","15"
"UNLDigitalarts","3"
"Use","3"
"Feb","1"
"Cup","6"
"civil","3"
"0hillyjean","3"
"snake","3"
"MyHuskerHome","63"
"gearing","3"
"thankful","6"
"GhnnqKKTfn","1"
"donated","12"
"SHOTS","3"
"lieu","6"
"UNLDining","12"
"Hank","45"
"Nutrition","3"
"tB7hV5PWWT","1"
"support","6"
"transform","6"
"Gwyneth","3"
"Break","18"
"conservation","3"
"way","9"
"NBC","3"
"halls","24"
"happy","3"
"Congratulations","32"
"Kept","9"
"form","3"
"offer","9"
"gorgeous","3"
"back","27"
"wireless","6"
"hear","9"
"Been","3"
"solar","6"
"B1G","11"
"congratulations","3"
"Engineering","3"
"Recent","3"
"mtg","3"
"he8Q8lPz3k","3"
"later","6"
"Sz","3"
"RBevins","3"
"Twenty","3"
"tournament","3"
"rursyq6dEc","3"
"proven","3"
"sale","3"
"Bielema","6"
"door","3"
"face","15"
"check","15"
"Begin","3"
"aunts","6"
"mashup","1"
"Andrew","3"
"actor","3"
"EKvfpJ","3"
"Channel","15"
"holding","6"
"papers","6"
"Lifelong","3"
"X9fUB1pdum","3"
"Coach_Riley","6"
"picture","3"
"kimberly_marie5","3"
"models","1"
"welcome","18"
"update","6"
"Trial","3"
"zw7K4qYLeC","3"
"rolling","3"
"neuroscience","3"
"weekend","9"
"LoperGrad","9"
"BestMovieLine","2"
"home","18"
"Sgt","6"
"together","6"
"time","32"
"serious","3"
"AlphaDeltaPi","6"
"352394","2"
"Buffett","6"
"signage","3"
"leads","6"
"manages","3"
"Pentesters","1"
"skin","3"
"milk","3"
"Today","27"
"retention","3"
"102nd","3"
"everything","6"
"YYKqXU3nT6","1"
"Dan","3"
"Entrepreneurship","3"
"0","2"
"finally","6"
"marks","9"
"GuVoHlidoV","3"
"Day","13"
"encircle","2"
"Multicultural","6"
"emphasizes","3"
"d3bQ1wBdQr","3"
"stays","3"
"Research","12"
"Where","3"
"minute","6"
"cool","3"
"impressive","3"
"Just","3"
"Organized","3"
"travels","9"
"item","3"
"team","12"
"lpl1aF6VJr","3"
"der","3"
"Kevin","6"
"says","3"
"findings","3"
"sporcle","3"
"bravo","3"
"Rep","6"
"htt","3"
"Rich","2"
"Rec","18"
"bacteria","3"
"drinks","3"
"majors","3"
"pleased","3"
"Cntr","3"
"international","6"
"Along","2"
"hxk9ML90Xy","6"
"boost","6"
"filled","6"
"Me","2"
"downloader","2"
"Bids","1"
"water","3"
"drug","3"
"unanimously","6"
"obsessing","3"
"address","9"
"along","3"
"dR8ZhVUkt7","3"
"My","12"
"teacher","3"
"change","3"
"wait","12"
"box","9"
"dcrJW7Qeyk","3"
"BOWLER","6"
"UHC","42"
"Founder","6"
"Dept","3"
"TheBigKeeeester","3"
"wherever","6"
"Packet","1"
"MT","36"
"Session","6"
"exams","9"
"MS","3"
"triad","6"
"studies","12"
"Packed","3"
"Jo9j0l94rP","1"
"love","6"
"extra","3"
"Free","12"
"UNLCareers","6"
"When","3"
"Member","6"
"Leee","3"
"1st","6"
"jordanlynne95","6"
"market","3"
"Designate","3"
"troops","6"
"working","23"
"positive","3"
"angry","3"
"visit","18"
"PythonDaily","1"
"Appointments","3"
"Leadership","6"
"https","31"
"prez","6"
"yoFwlPC5MX","3"
"candidates","9"
"thru","3"
"selects","3"
"prep","3"
"today","112"
"unlalphadeltapi","6"
"StudentRegents","3"
"commissioner","3"
"sharing","3"
"These","3"
"sZBVFsKrf0","6"
"Calling","6"
"Donations","6"
"Time","10"
"behalf","3"
"insights","3"
"postgame","3"
"95vDxVjyWM","3"
"sheds","6"
"Ron","3"
"Family","9"
"car","3"
"flu","12"
"modified","3"
"Celebrating","3"
"following","3"
"Our","15"
"arrive","6"
"Rob","3"
"Out","9"
"streak","6"
"UNLgreek","6"
"WL45Dbxntb","3"
"nursing","3"
"0WTs5oRss7","6"
"DiscoParakeet","2"
"7pm","3"
"Regents","15"
"Ginabeenabobina","6"
"o","10"
"write","1"
"lxml","2"
"winter","9"
"yamikorean","3"
"Budgie","2"
"discussion","3"
"Who","3"
"giveaways","3"
"en","4"
"1","66"
"sh4t4opkSl","6"
"izhVS7eoMX","6"
"NewNUPrez","39"
"Why","12"
"CommunityCROPSin","3"
"may","3"
"Always","2"
"EQRUq6IUPm","2"
"149","3"
"inaugurated","6"
"sustainability","3"
"telecine","1"
"improving","3"
"gabbbbyyyy","3"
"data","5"
"highlights","3"
"View","3"
"classroom","6"
"stress","6"
"neck","3"
"Watching","3"
"fine","3"
"nMupZ83K8e","4"
"inform","12"
"Jay","3"
"years","15"
"Jan","21"
"course","9"
"UNLresearch","3"
"theRyanJenks","6"
"Showroom","6"
"still","18"
"birds","3"
"Higher","3"
"RT","387"
"Lectures","3"
"group","24"
"thank","9"
"jstrs7B3Y9","3"
"interesting","14"
"4PM","3"
"facility","3"
"gen","3"
"02BvNgaG0F","3"
"coaching","6"
"offers","9"
"tweets","1"
"World","3"
"selfie","6"
"beekeeping","3"
"musacam","2"
"recipients","6"
"views","3"
"hinting","1"
"evolution","9"
"sooner","3"
"lunch","18"
"UY0TZGLYEW","3"
"Aboard","3"
"half","5"
"kkg","2"
"son","6"
"hall","6"
"K311XcCzav","1"
"goodbye","2"
"name","3"
"NIHsbir","3"
"didn","3"
"Grants","3"
"h","6"
"RHA","6"
"UNLMakerClub","3"
"Event","3"
"English","3"
"em","3"
"square","3"
"Lotta","3"
"0taurUOk5M","2"
"ed","6"
"NELeg","3"
"uvBGPt4vGk","6"
"charismatique","2"
"DONE","3"
"entering","4"
"year","30"
"tuned","3"
"hacker","4"
"medications","3"
"Wheat","3"
"space","6"
"2izaxq5Eoq","6"
"Welcome","42"
"looking","9"
"UCBerkeley","3"
"jkoch20","6"
"Joe","3"
"HailVarsity","3"
"receiving","6"
"shows","3"
"Rights","6"
"million","3"
"V4m","3"
"kea_anderson","3"
"thrilling","3"
"seaturtle","3"
"org","9"
"card","18"
"milestones","3"
"Vgp7R0gOjR","3"
"Money","1"
"6CbeRz5DGl","3"
"Sign","3"
"turn","6"
"Continue","3"
"place","3"
"TylerHuckabee","3"
"1006","3"
"promotion","3"
"think","3"
"first","21"
"Even","3"
"There","9"
"USNewsEducation","3"
"one","18"
"Black","1"
"submit","18"
"vote","3"
"Probably","3"
"custom","1"
"1M","12"
"tomorrow","21"
"size","3"
"welldone","6"
"little","6"
"personalities","3"
"Monday","18"
"unlhealthtrivia","6"
"Dive","1"
"Palmer","6"
"reppin","6"
"2","23"
"Godana","2"
"Cult","1"
"speaking","6"
"ZOHaWH55KL","3"
"excellent","3"
"Apk4PcNYov","3"
"season","15"
"released","3"
"sxsCgqfqlj","3"
"10","23"
"13","6"
"12","31"
"15","12"
"effective","3"
"17","5"
"19","6"
"18","6"
"gotta","2"
"war","3"
"coats","2"
"future","8"
"orgs","3"
"published","3"
"jeffreypgold","3"
"MONDAY","3"
"appreciate","1"
"DE","6"
"GOGREEK","6"
"say","2"
"Call","6"
"breakfast","18"
"blunder","6"
"saw","3"
"189524","1"
"Do","11"
"Phi","6"
"IoUXoPdYRD","3"
"Murphy","2"
"ideas","6"
"WjnoFWr38h","3"
"unlsafenightout","6"
"potential","6"
"take","21"
"Faculty","6"
"Dr","63"
"Hall","6"
"RMY5XWcH9X","3"
"sheridanswotek","3"
"Legislature","3"
"begin","6"
"sure","24"
"multiple","3"
"Mabel","3"
"Getting","10"
"Healthy","6"
"M43BcCAA3q","3"
"keeps","3"
"breadandcup","3"
"assault","6"
"vUdQ39Rxfi","3"
"cleared","2"
"Auditorium","9"
"6QEEXg8IL4","3"
"surprising","6"
"considered","6"
"8I4zLVcFHJ","3"
"proud","3"
"drive","12"
"Fecal","3"
"startHEREgoA","3"
"AveryStrong","3"
"IotaWeek","6"
"shot","6"
"show","15"
"Assassination","3"
"Graduate","15"
"Wes","3"
"Heuermann","3"
"Test","2"
"corner","3"
"n826EydOyX","3"
"We","74"
"upgrade","6"
"Montee_Python","2"
"Kansas","3"
"outside","3"
"Sean_Callahan","6"
"honors","3"
"going","15"
"Studio","3"
"deployed","6"
"R3N3m23Y5k","3"
"TurkeyTips","6"
"HgKcLjdy4V","6"
"NyeinkJYdO","3"
"get","18"
"Wisnickis","3"
"Large","6"
"Turn","3"
"Magazine","3"
"vx4rmzp16G","3"
"Baroque","3"
"Having","6"
"resource","3"
"Instagram","3"
"radar","3"
"morning","10"
"Corner","3"
"Education","9"
"Awesome","3"
"husband","3"
"yqwdunZWHz","3"
"reveals","3"
"Grant","6"
"physically","3"
"committed","3"
"Husker_Baseball","6"
"connections","6"
"college","13"
"IANR","3"
"Lauren_KLKN","3"
"Inventors","9"
"That","21"
"ways","6"
"sites","6"
"hist","3"
"3","35"
"Texas","3"
"Nebrask","3"
"affordable","3"
"CFBPlayoff","3"
"jobs","6"
"provides","3"
"Full","1"
"awards","6"
"loper","3"
"Each","1"
"article","6"
"come","4"
"21","1"
"CSEatUNL","3"
"talented","6"
"unlstressrelief","18"
"many","3"
"job","9"
"premspaul","6"
"PRM","3"
"tour","3"
"Advocates","3"
"tout","2"
"rankings","6"
"Goodfellas","3"
"among","6"
"quality","9"
"Travel","6"
"Team","3"
"jeans","2"
"venues","3"
"UNLOnline","6"
"anti","3"
"65","3"
"learning","13"
"je","2"
"CDRH_UNL","3"
"Youdidit","2"
"innoutburger","6"
"Riley","3"
"turkey","6"
"symptoms","3"
"Sure","2"
"CampKesemUNL","2"
"informed","3"
"escalated","3"
"But","2"
"Introduction","1"
"workshop","1"
"ICYMI","24"
"judging","6"
"GreekWeek","6"
"featuring","3"
"500","6"
"wants","3"
"avian","6"
"Six","3"
"offered","9"
"Phil","3"
"BM500kadroistiyor","5"
"photos","15"
"external","3"
"Learn","3"
"OpeN","6"
"spirit","3"
"paying","3"
"unlinvolved","3"
"processes","3"
"developing","6"
"Attack","1"
"editorial","6"
"residence","6"
"Open","3"
"mucus","3"
"twists","3"
"Illness","6"
"quiet","3"
"Looking","15"
"middle","3"
"P1bak29WOx","1"
"evening","6"
"farewell","3"
"Lecture","3"
"technology","6"
"different","4"
"pat","3"
"Complete","3"
"throwbackthursday","3"
"pay","3"
"scientifically","3"
"bowl","6"
"NSF","12"
"dealer","3"
"FollowFriday","3"
"followers","3"
"LargeBCoffee","3"
"events","9"
"week","36"
"finish","6"
"I","75"
"NAMFT","3"
"births","3"
"IT","18"
"L","3"
"director","3"
"running","15"
"ohRRnk2ugk","6"
"EIIbwWR9Ux","1"
"climbing","3"
"ID","3"
"AO6V2VrFfO","3"
"Is","6"
"Ir","3"
"It","24"
"jSQu5WecJb","3"
"severe","6"
"Monty","5"
"alleviate","3"
"In","9"
"8o9A31elTT","3"
"researchers","6"
"Physical","3"
"216","3"
"Collegebound","3"
"NAA","15"
"AllTech","4"
"Prove","6"
"transmitting","3"
"battleship","3"
"missmoose313","3"
"greetings","6"
"F7WWeWCfvT","3"
"rooka21","6"
"BenElmore3","3"
"Harriman","3"
"risers","3"
"Galaxies","3"
"Missile","3"
"NSFs","3"
"4","26"
"ScottSchrage","3"
"Change","3"
"real","6"
"around","5"
"spectacular","3"
"read","1"
"digital","6"
"Project","6"
"moi","2"
"mom","3"
"Spoiled","3"
"world","12"
"accepted","3"
"MDkGnSNdRe","3"
"Show","6"
"wwcLk63DQP","3"
"Selfie","6"
"pycoders","1"
"benefit","3"
"donations","12"
"nose","3"
"served","12"
"passionate","6"
"auditorium","3"
"verbal","3"
"FLU","3"
"MissEppy","3"
"educator","3"
"Gaughan","3"
"New","43"
"LoperAlum","3"
"chinatheperson","6"
"Sorkin","3"
"Holiday","18"
"noon","6"
"fluids","3"
"legal","9"
"vNSbuylC4u","3"
"gonfalon","1"
"Ruby","5"
"Chapter","18"
"caring","3"
"spacelaw","3"
"football","12"
"USDA","3"
"power","9"
"asap","6"
"seconds","9"
"compiler","1"
"Modified","3"
"broken","3"
"inherent","3"
"ace","6"
"AP","3"
"8OkCGBTlzM","3"
"favorite","6"
"Check","19"
"fell","3"
"oz","9"
"ov","3"
"ou","2"
"mean","2"
"Centers","6"
"road","3"
"7Wlg5tS6xc","3"
"Storz","6"
"Story","6"
"Upgrade","3"
"Heads","3"
"Congrats","53"
"spreading","9"
"Bowl","6"
"bedtime","6"
"Storm","1"
"elementary","2"
"Week","18"
"teachingtuesday","6"
"prepare","6"
"NE","12"
"UNL_MBA","5"
"start","7"
"Birthday","3"
"WadeAndSee","3"
"Wow","3"
"UNMCCOPH","3"
"bettering","6"
"Remember","3"
"enough","3"
"rOAiVO9VGW","6"
"NateTHEgreat_48","6"
"ended","3"
"survived","3"
"Walker","3"
"trying","6"
"Guide","3"
"Trailer","3"
"NIC_Innovates","6"
"JBurkamper","3"
"hire","9"
"Century","3"
"eBook","2"
"Commitment","6"
"jitsu","2"
"Drones","3"
"Hebdo","3"
"vZPdSLJ9IS","3"
"cwdillow","3"
"Special","3"
"Fitzke","3"
"strongly","3"
"toilet","3"
"Lork8GfrZ2","3"
"USC","6"
"ad","6"
"Farmers","3"
"moved","6"
"al","3"
"Thursday","3"
"general","6"
"How","21"
"examine","3"
"USS","3"
"nanaya_944","1"
"nerd","3"
"Nuitka","1"
"yXYWfGh69v","6"
"Read","3"
"Quote","2"
"Survival","3"
"gettext","2"
"graduate","3"
"5","15"
"Darn","3"
"More","4"
"Kiplinger","6"
"Las","3"
"2hYgkNkWno","3"
"Great","18"
"BeeKeeping","3"
"CoachMiles","3"
"students","69"
"HEUHEUE","2"
"includes","3"
"Cheer","3"
"track","3"
"peak","3"
"coverage","6"
"Milky","2"
"Inherent","3"
"finals","18"
"pool","3"
"Collapse","3"
"building","3"
"Major","3"
"webservice","1"
"htags","1"
"Courses","1"
"lvaRXZK7oa","3"
"Therapist","3"
"u","2"
"Nabors","3"
"HUSKERWAY","3"
"Pitch","6"
"overseas","6"
"starting","6"
"Sockets","1"
"forget","9"
"inteligente","1"
"OS4cTElAYJ","3"
"port","3"
"month","3"
"coach","6"
"Take","33"
"talks","3"
"follow","3"
"Trivia","6"
"AdultSwim","3"
"Brown","3"
"fns0Puaw6o","6"
"HeuermannSeries","6"
"UNLCommGrad","2"
"s617fyRbP8","3"
"NCAA","3"
"opportunities","9"
"program","6"
"Tapping","3"
"present","3"
"safety","3"
"presentation","6"
"degeneration","3"
"activities","6"
"appointment","6"
"x_setuna01","1"
"sitting","3"
"far","9"
"JcwBCNUm15","6"
"psychologist","6"
"Classes","6"
"Wolf","3"
"fall","6"
"Force","3"
"ticket","6"
"difference","3"
"Joshua","3"
"Nursing","3"
"YvOKILmm5I","3"
"list","6"
"mittens","3"
"small","6"
"biological","3"
"MSPublicUniv","6"
"20th","3"
"titled","3"
"Supercollider","3"
"pass","3"
"rehearsed","3"
"East","24"
"DrhAeKJVrK","3"
"clock","3"
"kixify","3"
"R83D3M2se8","3"
"mf0AOSW93D","3"
"version","3"
"Ferguson","6"
"scientists","3"
"500K","3"
"public","6"
"full","8"
"Gift","3"
"Charlie","3"
"answers","6"
"YTS","2"
"hours","6"
"NRy1T9WeN2","3"
"Astro_Clay","3"
"arena","4"
"search","3"
"PeardsHere","3"
"tday","3"
"Clare","3"
"experience","12"
"prior","3"
"Cant","6"
"pick","3"
"specialize","3"
"via","52"
"family","6"
"Kiewit","3"
"Top","1"
"YOLO","6"
"jri","1"
"Nike","3"
"UNLMBA","2"
"semester","27"
"NachoCorreas","3"
"Juif","2"
"Wordlist","1"
"LiedCenter","3"
"eye","4"
"takes","6"
"OGKYIev8Qd","6"
"two","9"
"GlasgowAdGirl","6"
"PYTHON","1"
"6","11"
"JoichwJKy7","3"
"hisses","3"
"OmahaZoo","3"
"Masa","6"
"company","3"
"waterways","3"
"i8PePtk98J","3"
"American","3"
"So","9"
"stick","3"
"lVFTeq9jR1","6"
"iBeQldojo8","6"
"glad","3"
"town","3"
"iTunesU","1"
"include","4"
"hour","9"
"Daugherty","3"
"installing","6"
"Tonight","3"
"Airs","3"
"evolved","3"
"learn","10"
"Your","15"
"history","2"
"shark","3"
"hrjoey","6"
"share","3"
"accept","3"
"STEM","6"
"destress","3"
"X4FbXqj4P7","3"
"station","3"
"species","6"
"information","6"
"euuuhhh","2"
"archive","3"
"Jekyll","5"
"Improve","3"
"Don","21"
"plans","3"
"LoperPresident","3"
"crashed","12"
"Nebraska","90"
"faculty","24"
"Attn","3"
"ethics","3"
"queries","1"
"BTNLiveBig","3"
"ActiveHusker","9"
"paulie_mann","6"
"departure","3"
"django","1"
"867313","2"
"Trailing","1"
"Film","3"
"ganhou","1"
"JFK","3"
"What","33"
"1300","1"
"help","49"
"Dx3N","3"
"tep9UojCRz","3"
"soon","6"
"Same","1"
"science360","3"
"held","3"
"scientist","3"
"committee","3"
"signs","3"
"0NFoH32xQm","6"
"27","3"
"20","11"
"champs","3"
"22","1"
"ORED","3"
"FoU4XJUogd","3"
"28","3"
"29","3"
"actually","3"
"late","6"
"messes","6"
"speech","3"
"might","11"
"wouldn","6"
"good","12"
"entire","2"
"food","18"
"awarding","3"
"lisandron","1"
"Obesity","3"
"yr","3"
"bigger","6"
"growing","3"
"Nicer","3"
"aspiretobe","2"
"KevinKnud","6"
"piping","1"
"Thanks","51"
"found","6"
"Abel","12"
"itsonusunl","6"
"everyone","12"
"End","1"
"Proto","3"
"house","3"
"hard","8"
"reduce","3"
"idea","3"
"unlgreekselfie","6"
"UsAlways","3"
"event","3"
"really","6"
"leave","3"
"funding","6"
"alcohol","12"
"p","15"
"prickling","3"
"4pm","3"
"projected","3"
"YlVkvKGZO1","3"
"research","30"
"u_nebraska","57"
"health","12"
"7","27"
"Report","6"
"issue","15"
"Class","12"
"highway","3"
"Cool","9"
"22h","1"
"rural_futures","6"
"AustinHaufle69","6"
"Drama","3"
"Sueur","3"
"members","15"
"put","3"
"Eating","6"
"CommunityCROPS","3"
"pairs","2"
"benefits","3"
"unlarts","3"
"coaches","3"
"success","3"
"Breakthrough","3"
"BarrysBarLNK","3"
"w","41"
"Biologist","3"
"Poncho","3"
"TBE","3"
"major","6"
"feel","3"
"Fri","3"
"number","6"
"done","3"
"miss","2"
"guess","3"
"heads","3"
"jew","2"
"Algeria","3"
"unl_cyaf","3"
"leading","3"
"Selma","3"
"1990s","3"
"scholars","3"
"______","3"
"Gaww","3"
"wonderful","6"
"ptVBjwmgSD","3"
"NUforNE","21"
"usnews","12"
"Oddly","3"
"part","18"
"Venture","3"
"authors","6"
"Problem","3"
"believe","6"
"convinced","3"
"NUforNe","3"
"kind","6"
"b","3"
"Getachew","2"
"LWmOoDDwOP","3"
"aims","9"
"Senate","6"
"2020","3"
"supposed","2"
"Officialy","3"
"Alberts","3"
"Wh5voCJI3O","3"
"motivation","3"
"Movie","12"
"Bd61APDhJm","3"
"d4Ji2sgn1x","3"
"Kl54CIdwou","1"
"OpStaff","3"
"Got","3"
"PyLadiesBer","1"
"27UUjG8UDg","3"
"States","1"
"5PM","3"
"UNLPD","6"
"gnral","2"
"Food","6"
"Price","1"
"croc","3"
"lit","3"
"also","9"
"build","7"
"genetically","3"
"IPT1963","6"
"With","15"
"Past","6"
"play","3"
"Thx","6"
"M","9"
"Governor","6"
"77","3"
"75","6"
"70","1"
"services","9"
"accepting","9"
"The","90"
"approved","6"
"gain","3"
"Google","8"
"Tower","3"
"Hackers","1"
"mobile","2"
"sciencemagazine","9"
"WATCH","3"
"traditional","3"
"If","27"
"joining","6"
"Xia","3"
"Nebraskans","3"
"gold","3"
"stem_jobs","6"
"HuskerSAAC","6"
"vsfYIzFmSP","3"
"UNLEthnicStu","3"
"iTunes","1"
"Stumpf","6"
"myfir","1"
"Forward","3"
"Suite","3"
"headlines","3"
"Hat","1"
"find","5"
"Dunk","3"
"Melfi","3"
"Epsilon","6"
"ThetaChiatUNL","6"
"wayne","6"
"OWHNews","3"
"8","21"
"Pool","3"
"Bedford","1"
"founding","3"
"gains","3"
"UNL_CYAF","3"
"FVD","3"
"Thanksgiving","12"
"DreaWach","6"
"fastest","3"
"workouts","3"
"distraction","6"
"drjlinder","6"
"Help","9"
"Salma","3"
"clinic","3"
"Doesn","3"
"bird","3"
"gloves","2"
"activity","3"
"approaching","6"
"set","6"
"For","18"
"Create","1"
"w4rdp4136P","1"
"Fox","3"
"butchering","3"
"France","3"
"touch","6"
"see","25"
"sea","3"
"HhVZeXoiu4","3"
"Founders","3"
"close","12"
"11th","6"
"CI9Fr6oFyl","3"
"GreatPlainsBees","3"
"RNwS7vj8dH","3"
"expert","6"
"visiting","3"
"movie","14"
"currently","21"
"please","12"
"ESPN2","3"
"fans","6"
"won","36"
"VIDEO","3"
"donate","3"
"monsters","3"
"available","12"
"FixIt","6"
"xlWgRwAryY","6"
"Programming","2"
"WvscNO9F7j","3"
"African","3"
"macular","3"
"Yeh","3"
"c","11"
"last","18"
"Fish","3"
"annual","9"
"Keegan","3"
"ThanksForYourPat","3"
"Counseling","3"
"NebraskaOnline","3"
"whole","3"
"Turkish","6"
"UI4KJVSgeI","3"
"HuskerAlum","3"
"community","6"
"shutdown","3"
"Online","3"
"headaches","3"
"p7EsioxgLF","3"
"moins","2"
"takanory","2"
"tailgates","3"
"stamp","3"
"create","3"
"py","2"
"due","3"
"Royals","3"
"hitting","3"
"Most","6"
"California","3"
"Warner","6"
"Elite","6"
"pm","27"
"Especially","3"
"boy","3"
"Obb4aLSoyH","3"
"else","2"
"understand","12"
"Pick","6"
"Starting","6"
"Commencement","51"
"highest","6"
"Dont","6"
"Feel","3"
"straight","6"
"Winston","3"
"budget","3"
"technical","6"
"Done","3"
"consular","6"
"error","3"
"fun","7"
"brad_roth","3"
"engineers","9"
"City","15"
"ItsOnUsUNL","3"
"pound","2"
"century","3"
"jeffzeleny","3"
"von","3"
"Simiple","1"
"AkNgBx95QJ","3"
"FWv3ALs5Qb","3"
"finalists","6"
"seen","3"
"ready","6"
"34","3"
"gone","2"
"shirt","1"
"open","33"
"grant","15"
"Get","12"
"dRX9oRn2AR","3"
"ulyF5Gjpm9","3"
"SfNTweets","3"
"9","21"
"advise","3"
"suckleberg","4"
"6nqndZrrTD","6"
"Miniguez_","6"
"used","2"
"Lines","6"
"yesterday","4"
"holidays","6"
"moment","6"
"000","6"
"arrived","6"
"Wanna","1"
"recent","3"
"canned","6"
"Tastee","6"
"UNLtechtraining","3"
"makes","6"
"Wishing","3"
"honor","3"
"person","3"
"cheer","6"
"y","3"
"URqCRClJyZ","3"
"FlagFball","3"
"lStnJQ2qCs","3"
"Brewskys","3"
"HAVE","3"
"using","3"
"FoII8oUtlY","3"
"Bored","3"
"injuries","3"
"discipline","3"
"Selleck","12"
"workers","3"
"deputy","3"
"snag","3"
"FiveWordsToRuinADate","3"
"Christopher","3"
"GoBigRed","3"
"snap","6"
"5BjQB8BlpQ","3"
"excited","6"
"surprised","3"
"sandwiches","3"
"bin","3"
"Last","12"
"Oh","3"
"Did","12"
"big","12"
"NIRSAChamp","3"
"ONLINE","3"
"Air","6"
"game","18"
"Alpha","6"
"Enhance","6"
"bit","3"
"1mZntOhEbc","3"
"Or","6"
"projects","11"
"helpful","3"
"webinars","6"
"UNLSG","3"
"Mhendisi","5"
"SigmaKKG","8"
"heart","3"
"MacGruber","2"
"UNL_MGC","6"
"Find","6"
"welshsn","3"
"pertaining","6"
"Java","5"
"often","3"
"absolutely","6"
"spring","3"
"ELsf2eXytq","2"
"b4","3"
"streaming","3"
"PlayOfTheYear","3"
"LincolnFoodBank","6"
"newsletter","3"
"pale","3"
"Email","24"
"taya_raya","3"
"JackM_KLINRadio","3"
"scale","3"
"Qiita","2"
"pep","3"
"Frans","3"
"Nothing","3"
"prof","9"
"Empowerment","3"
"run","9"
"Look","5"
"O","13"
"David","3"
"Raccoon","3"
"carol","3"
"Xmas","2"
"Sanchez","3"
"anything","3"
"entrepreneurs","3"
"completing","6"
"graduation","3"
"aKzMDK4lpn","6"
"Looks","3"
"2to3Python","1"
"block","2"
"seeing","3"
"VZbDaVFkPb","3"
"dude","6"
"NEB","3"
"Young","6"
"doubters","6"
"Speech","3"
"ACT","3"
"HuskerVisionHD","6"
"OPEN","3"
"AmericanOutlaws","3"
"M4Today","2"
"statistics","3"
"story","6"
"grub","3"
"PhonyRiley","6"
"live","6"
"fast","6"
"Side","2"
"forward","21"
"signified","1"
"analyze","3"
"Come","9"
"opens","3"
"alumnus","3"
"Animals","3"
"Neb","3"
"Flu","3"
"link","9"
"Adrian","3"
"x9jsfgG2df","6"
"Tourney","3"
"ceremonies","3"
"info","3"
"vvqcXVmTFX","6"
"us","63"
"aventurando","2"
"un","3"
"Kappas","6"
"Knudson","6"
"aiLoLs6IGm","3"
"alumni","9"
"evJC6XEioC","3"
"doesn","3"
"To","18"
"engineering","3"
"International","12"
"Snap","3"
"rally","3"
"biliyor","5"
"Presentation","6"
"Curtis","3"
"TV","3"
"dcRKkhlxgU","3"
"peace","3"
"7fn7Nj3AsN","3"
"uZYPBI72C5","3"
"Mac","1"
"actors","3"
"Student","24"
"nice","3"
"greerat","3"
"scrub","3"
"nch9bHUvTr","3"
"qXL7irqpWf","6"
"robots","3"
"visits","9"
"prepared","6"
"AmandaWeyhrich","2"
"scienceinsider","3"
"scholarships","6"
"OGmixdSdx4","3"
"song","6"
"VentureBros","3"
"meals","6"
"ago","9"
"Ag","6"
"age","3"
"As","9"
"At","12"
"LbEmFvaBIT","6"
"SUPER","6"
"oversimplify","3"
"gt","5"
"CPN","12"
"Showcase","33"
"Harper","12"
"Jim","6"
"existing","3"
"illustrated","3"
"H5senKRI6s","3"
"edu","24"
"go","27"
"gcTwM3x1Ay","3"
"n6rxAYThWU","3"
"centers","9"
"issues","6"
"Non","18"
"kevindillman10","6"
"Prez","3"
"Marvin","3"
"journeys","3"
"young","3"
"send","6"
"CASEY","1"
"MncsUj3bhY","3"
"senators","3"
"helps","6"
"Not","9"
"Lambda","6"
"friendly","3"
"Stress","3"
"garden","6"
"victrola","3"
"Had","3"
"UNLCampusRec","24"
"P","2"
"wishes","6"
"putting","3"
"mechashiorina","1"
"drinking","6"
"Hardin","3"
"categories","3"
"Enjoy","3"
"UNL2014","69"
"CntrEdWrkfrce","3"
"getiNvolved","3"
"experiencing","3"
"Make","6"
"michael","1"
"eve","1"
"try","3"
"session","6"
"AKb86CbqZE","3"
"obesity","3"
"Seattle","3"
"EDm7WtQwvJ","1"
"Turkey","6"
"sqlmap","2"
"pledge","9"
"ZPHIBHQ","6"
"CB3","3"
"video","30"
"download","2"
"Theta","6"
"2million","6"
"dd5zOlmc65","2"
"rubyonrails","4"
"graduating","6"
"hourly","1"
"campuses","3"
"VeteransDay","6"
"enjoyed","9"
"cell","6"
"pnvNaY7pj9","3"
"experiment","6"
"Python5","2"
"America","3"
"Drs","3"
"led","3"
"Light","6"
"commercial","3"
"Greek","24"
"explore","3"
"Marriage","3"
"making","3"
"sing","3"
"N6EDwhbrVX","3"
"great","26"
"38","1"
"Stream","4"
"numbness","3"
"receive","12"
"31","2"
"30","31"
"Jennifer","3"
"Leotardo","3"
"products","12"
"ldHHszvJXx","3"
"stoots_will","3"
"explain","3"
"Planned","3"
"named","15"
"FS","2"
"claim","24"
"jT1XR","3"
"win","21"
"app","9"
"manage","3"
"collaborating","3"
"CYAF","3"
"names","6"
"motor","3"
"resolutions","6"
"ZTZLTUfUGE","3"
"IUBloomington","3"
"Nice","3"
"use","9"
"JenHoward","3"
"4n2SAQs5FN","3"
"next","21"
"BlackLivesMatter","3"
"panel","3"
"upcoming","12"
"started","4"
"eyGJUfGJYt","3"
"Wednesday","6"
"infection","3"
"appointed","3"
"GivingTuesday","2"
"women","27"
"ks6LNWylW0","3"
"animals","3"
"Leigh","3"
"announcing","6"
"Oceans","3"
"Whittier","3"
"something","8"
"control","3"
"violence","3"
"Police","3"
"Regent","3"
"pieces","3"
"high","9"
"Encourage","6"
"tag","6"
"TON","3"
"Details","9"
"hit","6"
"Several","6"
"Christmas","3"
"united","3"
"HIV","3"
"Isiwpd1waV","6"
"genomes","6"
"0AAdbN2WKj","3"
"fortunate","3"
"delay","3"
"winners","12"
"agsafety","3"
"Seasons","3"
"comedy","3"
"Opportunity","6"
"especial","1"
"attend","6"
"watch","3"
"Q","6"
"xFhdV8cD6b","1"
"inst","3"
"ew7KXA3rHC","3"
"Apple","1"
"light","9"
"counter","3"
"One","14"
"Y7JEAuT09I","3"
"Laugh","18"
"HgSNlQgT49","6"
"intellectuals","3"
"six","6"
"poor","3"
"vTkrHXE316","3"
"move","3"
"Smith","3"
"SATCHEL","1"
"SfoSWXslP8","3"
"looks","3"
"Translate","2"
"Voelte","3"
"galaxy","4"
"perfect","3"
"PDT_UNL","6"
"LBS","6"
"chosen","3"
"Shelf","6"
"ll","9"
"ships","3"
"NUtechVentures","3"
"NebrasketbalI","3"
"willing","3"
"degrees","15"
"2015","15"
"2014","31"
"holiday","45"
"Haven","3"
"Tickets","9"
"python","17"
"practice","3"
"x2xQCqjsPP","1"
"earn","6"
"Linzell","12"
"Can","10"
"hands","3"
"front","6"
"Informational","6"
"day","50"
"presidential","18"
"strive","3"
"White","3"
"Sal","3"
"bigsean","3"
"university","15"
"sW0W78f8RB","3"
"Advisory","3"
"seniors","3"
"Arts","3"
"From","15"
"Network","3"
"Next","9"
"wgthomas3","3"
"books","6"
"Which","3"
"IvjRUNH6QR","3"
"80","6"
"sexual","6"
"special","6"
"wanna_SAVANwich","6"
"oY5Dv5GhRg","3"
"frontier","3"
"res","6"
"rep","3"
"Nearly","6"
"lecture","6"
"cause","5"
"red","3"
"954J6wuJ9D","3"
"MqBcrhcTB0","3"
"WOW","3"
"KStreetHipster","3"
"extfall14","6"
"MNIzMMukrL","3"
"nQRGkfXVHk","2"
"early","9"
"Birdman","3"
"sentido","1"
"premio","1"
"applications","12"
"could","17"
"keep","23"
"length","3"
"allied","3"
"learnNhack","1"
"third","3"
"powerful","2"
"autographed","3"
"carynv07","3"
"improvements","6"
"owner","3"
"Prof","7"
"EmmaMichelle92","6"
"Local","6"
"heroes","3"
"long","8"
"zBvChKdUTU","6"
"fascinating","3"
"nonperishable","6"
"system","6"
"comes","3"
"Mongering","3"
"c9aWWyUKun","3"
"UNOmaha","3"
"final","9"
"Association","9"
"Trophy","6"
"Lincoln","6"
"stomach","3"
"academy","3"
"Alumni","12"
"Cannes","1"
"UNK","12"
"UNL","473"
"haven","12"
"remember","3"
"loved","3"
"candundaradasi","2"
"Outstanding","6"
"KK","6"
"JkbatCp6TK","3"
"NU","51"
"torrents","2"
"ecCPhmPI60","6"
"MissBlackNEUSAM","3"
"Highlights","3"
"dNJFz5l1e7","6"
"tonight","42"
"Drummer","1"
"terrifying","3"
"need","13"
"UNL_CEHS","15"
"5pHuIUitfP","3"
"complete","9"
"GMAT","9"
"documents","3"
"angle","3"
"dishes","3"
"congrats","24"
"Batman","6"
"able","3"
"Santa","9"
"brockminert","6"
"mUCKOoz2U3","3"
"collaboration","9"
"healthcare","6"
"iPhone","1"
"United","1"
"95Zzpa8wZh","3"
"58zaadjkAc","2"
"bigcheeseberger","6"
"USD","1"
"class","21"
"MzuziTsw9i","1"
"request","3"
"Expects","2"
"Fellow","9"
"U_Nebraska","6"
"Saturday","6"
"XAlevdrm2K","2"
"Oops","6"
"UNLHistory","3"
"Kixify","3"
"Anthem","3"
"IsoReves","2"
"PHOTOS","3"
"Innovation","3"
"feat","3"
"Public","3"
"Math","3"
"staff","18"
"Dec","46"
"based","3"
"earned","3"
"Water4Food","3"
"Husker","24"
"Mon","3"
"local","8"
"hope","6"
"regularly","3"
"aZdfjSf5Jg","3"
"watching","6"
"beat","3"
"familiar","6"
"7Ee3H06X8f","3"
"120","3"
"ones","3"
"Fitness","9"
"RSNPxtxehM","3"
"TwoToedTony","3"
"NIH","3"
"Because","3"
"unlmasa","6"
"brain","15"
"wellness","9"
"Paltrow","3"
"teams","3"
"Visalia","3"
"KORS","1"
"Bright","2"
"wish","3"
"UNLArts","3"
"view","1"
"iPad","3"
"national","6"
"hosting","6"
"HuskerHoops","6"
"officials","3"
"A7VDhgjmNz","3"
"Ph","6"
"cold","3"
"2fpscziq2B","3"
"Good","18"
"missing","3"
"unmc","18"
"favor","6"
"state","6"
"Harvard","6"
"8AM","6"
"closed","6"
"TWC_Help","3"
"browbeat","3"
"nutritious","3"
"keynote","3"
"Kudos","3"
"opening","6"
"xLgk3JayWE","3"
"strides","6"
"S","9"
"Race","3"
"nmaestas","9"
"2pm","6"
"Cardale","3"
"taking","9"
"Bums","3"
"4nZR9awBDG","3"
"Crisis","3"
"B9F7QoJ1Cc","3"
"MGTUoihh3D","3"
"grain","3"
"swim","3"
"safely","6"
"Campus","27"
"sequenced","3"
"co","883"
"Would","3"
"TCKALKINMA","1"
"cc","3"
"DVD","4"
"Girls","1"
"Finally","3"
"nonperishables","6"
"Moderate","3"
"regenerative","3"
"yay","2"
"powered","2"
"Space","3"
"responds","6"
"Editing","3"
"HuskerExtraBC","3"
"Center","21"
"Of","3"
"UnlGreek","6"
"huskeralum","12"
"FREE","3"
"Credit","3"
"NebMagazine","6"
"Valeu","1"
"Sing","2"
"prescription","6"
"fellow","3"
"Fact","9"
"volunteer","3"
"UNL_NPHC","6"
"welcoming","3"
"CDC","3"
"UNLEthicsCenter","3"
"harder","3"
"tshirt","3"
"value","6"
"2010","2"
"Targets","3"
"MORE","3"
"dad","6"
"stuffing","6"
"daliaruv","6"
"ve","11"
"UNLarts","6"
"almost","3"
"Engagement","3"
"evmo_","6"
"nlLoqDoLyl","3"
"partner","3"
"You","59"
"Hope","21"
"UNLCollegeofLaw","6"
"077f48OKuv","3"
"Beat","3"
"balloon","3"
"MBA","2"
"member","15"
"speaker","3"
"LxyNWnmXHS","3"
"party","15"
"terrorism","3"
"gets","9"
"TwBttTaRwj","3"
"difficult","3"
"Huddle","9"
"Register","6"
"http","898"
"journalstarnews","3"
"appearances","3"
"drink","3"
"MLKweek","3"
"PhDs","2"
"student","6"
"zlZdlJvFsn","3"
"prsgq38ixn","6"
"3eCuaQlKHT","3"
"PDb9RsiTWX","1"
"pampered","3"
"Undergraduate","2"
"well","11"
"thought","9"
"BkJQezEkrc","3"
"command","1"
"Mike","3"
"Need","15"
"audio","3"
"UNKearney","3"
"latest","18"
"45","6"
"newest","3"
"sources","1"
"Sunday","12"
"BS","1"
"coordination","3"
"happiness","3"
"Achievements","3"
"Be","12"
"generous","3"
"vida","1"
"Friday","21"
"YouTube","13"
"satellitehigh","3"
"publichealth","3"
"match","6"
"Bilgisayar","5"
"tests","9"
"tics","3"
"Nobody","2"
"crushed","3"
"Unl_CoJMC","3"
"five","3"
"know","38"
"sequencing","3"
"loss","6"
"like","12"
"inviting","12"
"dictionaries","1"
"GMQP7EbYyO","3"
"Scarlet","6"
"Kits","3"
"JVruwkxFj6","3"
"become","3"
"Fear","3"
"works","9"
"freeswag","3"
"page","12"
"accessible","3"
"ADVANCE","3"
"ux1Zh39NeC","3"
"Killings","3"
"Way","5"
"Sun","3"
"Avoid","12"
"Forte","2"
"championship","3"
"vDPorsWSeC","6"
"flush","3"
"esVBpPQJhN","6"
"Sorry","15"
"HUSKERS","3"
"est","2"
"lead","3"
"DSTINC1913","3"
"schmidlibrary","3"
"fandoms","1"
"rPNiQavnOh","3"
"VfRtSJ2rGt","6"
"fountain","3"
"W0sXh7yARt","3"
"Bryant","3"
"Jquery","5"
"UNLHousing","6"
"MICHAEL","1"
"Up","7"
"FortuneMagazine","6"
"CMSexperiment","3"
"rlRR08eYQH","3"
"Chuck","3"
"AppNexus","1"
"stage","12"
"Knickerson","3"
"getting","8"
"December","10"
"UW","3"
"wendi_haufle","6"
"US","6"
"unlinvo","3"
"teachthought","6"
"wHHrD9SeqR","3"
"Avye4WrdOB","3"
"Really","3"
"acceptance","3"
"letters","15"
"travelers","3"
"Recipe","1"
"weather","6"
"Stadium","3"
"Wick","3"
"spiral","3"
"awarded","3"
"Vegas","3"
"Therapy","3"
"November","3"
"R6KPYiNMPT","3"
"Talent","6"
"Science","6"
"Well","2"
"IKOOudeFj9","3"
"Dem","3"
"09rrdY2a2u","3"
"delivers","3"
"FAQs","3"
"eat","15"
"vuh60dAeVQ","3"
"made","6"
"VentureBrosBlog","3"
"HolidayBowlGame","6"
"phidelt","6"
"meeting","6"
"official","18"
"Ted","6"
"Live","4"
"XvngktWRkD","3"
"Walk","3"
"record","6"
"stories","3"
"pumped","3"
"UsV7RiaJGH","3"
"minutes","2"
"Jesse","3"
"ASUN_UNL","24"
"pin","6"
"tYzNJR6BvZ","2"
"Tony_Falcone","1"
"Skeleton","3"
"UNLGradStudies","9"
"Pyinbya","3"
"education","3"
"campus","18"
"BIKlTLOysU","3"
"nC7ld1lgtX","3"
"agriculture","3"
"Elsa","3"
"GoldenGlobes","9"
"41","3"
"Understand","3"
"Know","6"
"sick","3"
"Improving","3"
"junk","3"
"Secrets","9"
"Year","6"
"stay","6"
"April","3"
"chance","15"
"Future","9"
"U","6"
"fZQqwui30t","3"
"friends","3"
"Coach","3"
"amp","87"
"ranks","6"
"came","6"
"persistent","3"
"Carmela","3"
"Fame","3"
"472","9"
"Hcaw4xeqG9","2"
"compete","3"
"Spanish","3"
"ThSiBBQIkb","3"
"Z4HnQ4VhvU","3"
"commencement","15"
"8th","3"
